"Id","Sample_label","Gca","Gcc","Gcg","Gct","Tgc","Tgt","Gac","Gat","Gaa","Gag","Ttc","Ttt","Gga","Ggc","Ggg","Ggt","Cac","Cat","Ata","Atc","Att","Aaa","Aag","Cta","Ctc","Ctg","Ctt","Tta","Ttg","Atg","Aac","Aat","Cca","Ccc","Ccg","Cct","Caa","Cag","Aga","Agg","Cga","Cgc","Cgg","Cgt","Agc","Agt","Tca","Tcc","Tcg","Tct","Aca","Acc","Acg","Act","Gta","Gtc","Gtg","Gtt","Tgg","Tac","Tat"
"711","JCVI_SMPL_GS108","0.0240618858043745","0.010768120239351","0.0103691884502732","0.0210966661211651","0.00406560709735367","0.00739660989669496","0.0147311757395462","0.0418638708900371","0.0429321898323906","0.0188766502098021","0.0110009711008384","0.0359208066726186","0.0218881835175346","0.0119236654249754","0.00807315338262291","0.0233424718351051","0.00658234076349698","0.0132410382461422","0.0247698226363713","0.0155656311318294","0.0409329400320928","0.059072690516428","0.0162753232907032","0.0107724410439712","0.00709766422703236","0.00929101267237985","0.0178050231514113","0.0349673941281345","0.015333860471497","0.0210150434213859","0.0142564273318977","0.0416259565856354","0.0146452322351468","0.00533713888200261","0.00464250202672742","0.0117344276851235","0.0220356309752002","0.00994615467292319","0.0193809016114981","0.00460854320291525","0.0043214122333861","0.00625551240151941","0.00276578754495662","0.00615201562835031","0.00811015027218369","0.0145637445605121","0.0204161393934779","0.00578076399387094","0.00557140750750605","0.0185307833024666","0.019864966754109","0.00852704040546431","0.00641173649356983","0.0181364423682978","0.0168202172608583","0.008897346863933","0.0106288418029205","0.0247162851666237","0.0111513215991082","0.009398762737597","0.023732964552659"
